{
"lengthUnit": "mil",
"components": {
	"fields": ["COMPONENT_NO", "COMPONENT_NAME", "LAYER", "X_COORDINATE", "Y_COORDINATE", "ANGLE"],
	"rows": [
		[1, "5v", "T", 1179.39, 212.01, 0],
		[2, "12v", "T", 1289.86, 595.89, 0],
		[3, "C1", "T", 550, 300, 180],
		[4, "C2", "T", 775, 760, 90],
		[5, "C3", "T", 1070, 685, 270],
		[6, "CN1", "T", 1410, 545, 270],
		[7, "R1", "T", 405, 430, 90],
		[8, "R2", "T", 405, 590, 90],
		[9, "Rset", "T", 540, 765, 90],
		[10, "U1", "T", 580, 510, 0],
		[11, "U2", "T", 940, 450, 270],
		[12, "U9", "T", 920, 690, 270],
		[13, "U10", "T", 940, 210, 0],
		[14, "USB1", "T", 180, 511.81, 270]
	]
},
"pins": {
	"fields": ["PIN_NO", "PIN_NAME", "PIN_X", "PIN_Y", "LAYER", "PIN_TYPE", "NET_NAME", "NET_TYPE", "PAD_SHAPE", "PAD_SIZEX", "PAD_SIZEY", "HOLE_SIZE", "PAD_ANGLE"],
	"rows": [
		[1, "5v_1", 1179.39, 212.01, "T", "SMD", "+5V", "", "C", 19.68, 19.68, 0, 0],
		[2, "12v_1", 1289.86, 595.89, "T", "SMD", "VBUS", "", "C", 19.68, 19.68, 0, 0],
		[3, "C1_1", 589.37, 300, "T", "SMD", "GND", "GND", "R", 55.51, 53.15, 0, 180],
		[4, "C1_2", 510.63, 300, "T", "SMD", "$1N1168", "", "R", 55.51, 53.15, 0, 180],
		[5, "C2_1", 775, 720.63, "T", "SMD", "VBUS", "", "R", 55.51, 53.15, 0, 90],
		[6, "C2_2", 775, 799.37, "T", "SMD", "GND", "GND", "R", 55.51, 53.15, 0, 90],
		[7, "C3_1", 1070, 724.37, "T", "SMD", "GND", "GND", "R", 55.51, 53.15, 0, 270],
		[8, "C3_2", 1070, 645.63, "T", "SMD", "+5V", "", "R", 55.51, 53.15, 0, 270],
		[9, "CN1_1", 1410, 695, "T", "DIP", "GND", "GND", "C", 64.96, 64.96, 43.31, 270],
		[10, "CN1_1", 1410, 695, "B", "DIP", "GND", "GND", "C", 64.96, 64.96, 43.31, 270],
		[11, "CN1_2", 1410, 595, "T", "DIP", "VBUS", "", "C", 64.96, 64.96, 43.31, 270],
		[12, "CN1_2", 1410, 595, "B", "DIP", "VBUS", "", "C", 64.96, 64.96, 43.31, 270],
		[13, "CN1_3", 1410, 495, "T", "DIP", "CN1_3", "", "C", 64.96, 64.96, 43.31, 270],
		[14, "CN1_3", 1410, 495, "B", "DIP", "CN1_3", "", "C", 64.96, 64.96, 43.31, 270],
		[15, "CN1_4", 1410, 395, "T", "DIP", "PWM", "", "C", 64.96, 64.96, 43.31, 270],
		[16, "CN1_4", 1410, 395, "B", "DIP", "PWM", "", "C", 64.96, 64.96, 43.31, 270],
		[17, "R1_1", 405, 390.63, "T", "SMD", "$1N1168", "", "R", 44.59, 54.21, 0, 90],
		[18, "R1_2", 405, 469.37, "T", "SMD", "VBUS", "", "R", 44.59, 54.21, 0, 90],
		[19, "R2_1", 405, 550.63, "T", "SMD", "VBUS", "", "R", 44.59, 54.21, 0, 90],
		[20, "R2_2", 405, 629.37, "T", "SMD", "$1N1263", "", "R", 44.59, 54.21, 0, 90],
		[21, "Rset_1", 540, 725.63, "T", "SMD", "$1N1269", "", "R", 44.59, 54.21, 0, 90],
		[22, "Rset_2", 540, 804.37, "T", "SMD", "GND", "GND", "R", 44.59, 54.21, 0, 90],
		[23, "U1_1", 501.26, 391.89, "T", "SMD", "$1N1168", "", "R", 59.05, 23.62, 0, 90],
		[24, "U1_2", 540.63, 391.89, "T", "SMD", "U1_2", "", "R", 59.05, 23.62, 0, 90],
		[25, "U1_3", 580, 391.89, "T", "SMD", "U1_3", "", "R", 59.05, 23.62, 0, 90],
		[26, "U1_4", 619.37, 391.89, "T", "SMD", "$1N1061", "", "R", 59.05, 23.62, 0, 90],
		[27, "U1_5", 658.74, 391.89, "T", "SMD", "$1N1061", "", "R", 59.05, 23.62, 0, 90],
		[28, "U1_6", 658.74, 628.11, "T", "SMD", "CC2", "", "R", 59.05, 23.62, 0, 90],
		[29, "U1_7", 619.37, 628.12, "T", "SMD", "CC1", "", "R", 59.05, 23.62, 0, 90],
		[30, "U1_8", 580, 628.12, "T", "SMD", "$1N1263", "", "R", 59.05, 23.62, 0, 90],
		[31, "U1_9", 540.63, 628.12, "T", "SMD", "$1N1269", "", "R", 59.05, 23.62, 0, 90],
		[32, "U1_10", 501.26, 628.11, "T", "SMD", "U1_10", "", "R", 59.05, 23.62, 0, 90],
		[33, "U1_11", 580, 510, "T", "SMD", "GND", "GND", "R", 129.92, 82.68, 0, 180],
		[34, "U2_1", 834.39, 525, "T", "SMD", "U2_1", "", "O", 24.8, 73.42, 0, 270],
		[35, "U2_2", 834.39, 475, "T", "SMD", "U2_2", "", "O", 24.8, 73.42, 0, 270],
		[36, "U2_3", 834.39, 425, "T", "SMD", "$1N2096", "", "O", 24.8, 73.42, 0, 270],
		[37, "U2_4", 834.39, 375, "T", "SMD", "U2_4", "", "O", 24.8, 73.42, 0, 270],
		[38, "U2_5", 1045.61, 375, "T", "SMD", "GND", "GND", "O", 24.8, 73.42, 0, 270],
		[39, "U2_6", 1045.61, 425, "T", "SMD", "PWM", "", "O", 24.8, 73.42, 0, 270],
		[40, "U2_7", 1045.61, 475, "T", "SMD", "U2_7", "", "O", 24.8, 73.42, 0, 270],
		[41, "U2_8", 1045.61, 525, "T", "SMD", "+5V", "", "O", 24.8, 73.42, 0, 270],
		[42, "U9_1", 860.95, 636.6, "T", "SMD", "GND", "GND", "R", 62.01, 26.46, 0, 270],
		[43, "U9_2", 920.34, 743.39, "T", "SMD", "VBUS", "", "P", 74.8, 211.69, 0, 270],
		[44, "U9_3", 979.06, 636.6, "T", "SMD", "+5V", "", "R", 62.01, 26.46, 0, 270],
		[45, "U10_1", 841.58, 210, "T", "DIP", "GND", "GND", "C", 70.87, 70.87, 47.24, 0],
		[46, "U10_1", 841.58, 210, "B", "DIP", "GND", "GND", "C", 70.87, 70.87, 47.24, 0],
		[47, "U10_2", 940, 210, "T", "DIP", "$1N2096", "", "C", 70.87, 70.87, 47.24, 0],
		[48, "U10_2", 940, 210, "B", "DIP", "$1N2096", "", "C", 70.87, 70.87, 47.24, 0],
		[49, "U10_3", 1038.42, 210, "T", "DIP", "+5V", "", "C", 70.87, 70.87, 47.24, 0],
		[50, "U10_3", 1038.42, 210, "B", "DIP", "+5V", "", "C", 70.87, 70.87, 47.24, 0],
		[51, "USB1_1", 242.79, 681.89, "T", "DIP", "GND", "GND", "O", 39.37, 78.74, 55.12, 270],
		[52, "USB1_1", 242.79, 681.89, "B", "DIP", "GND", "GND", "O", 39.37, 78.74, 55.12, 270],
		[53, "USB1_2", 242.8, 341.74, "T", "DIP", "GND", "GND", "O", 39.37, 78.74, 55.12, 270],
		[54, "USB1_2", 242.8, 341.74, "B", "DIP", "GND", "GND", "O", 39.37, 78.74, 55.12, 270],
		[55, "USB1_3", 97.12, 681.89, "T", "DIP", "GND", "GND", "O", 39.37, 78.74, 55.12, 270],
		[56, "USB1_3", 97.12, 681.89, "B", "DIP", "GND", "GND", "O", 39.37, 78.74, 55.12, 270],
		[57, "USB1_4", 97.13, 341.74, "T", "DIP", "GND", "GND", "O", 39.37, 78.74, 55.12, 270],
		[58, "USB1_4", 97.13, 341.74, "B", "DIP", "GND", "GND", "O", 39.37, 78.74, 55.12, 270],
		[59, "USB1_A12", 262.87, 403.55, "T", "SMD", "GND", "GND", "R", 35.43, 43.31, 0, 270],
		[60, "USB1_A5", 262.87, 531.5, "T", "SMD", "CC1", "", "R", 27.56, 43.31, 0, 270],
		[61, "USB1_A9", 262.87, 451.97, "T", "SMD", "VBUS", "", "R", 31.5, 43.31, 0, 270],
		[62, "USB1_B12", 262.87, 620.08, "T", "SMD", "GND", "GND", "R", 35.43, 43.31, 0, 270],
		[63, "USB1_B5", 262.87, 492.13, "T", "SMD", "CC2", "", "R", 27.56, 43.31, 0, 270],
		[64, "USB1_B9", 262.87, 571.66, "T", "SMD", "VBUS", "", "R", 31.5, 43.31, 0, 270]
	]
}
}